Wert,Betrag / Satz,Betroffene Seite,Flag,Letzte Änderung um,Prüfen bis,Quelle,Rechtsgrundlage §,Rechtsnatur,Rechtsstand
BEHG CO₂-Preis 2025,"55,00 €/t (Festpreisphase)",01b · Heizkosten- & CO₂-Verteilung (https://app.notion.com/p/01b-Heizkosten-CO-Verteilung-3a95fd420731814e9e5be043028d4856?pvs=21),geprüft,26. Juli 2026 21:27,31. Januar 2027,https://www.gesetze-im-internet.de/behg/__10.html,§ 10 BEHG,Gesetz,07/2026
Emissionsfaktor Erdgas (K4),"0,201 kg CO₂/kWh — nur Fallback. BEZUGSGRÖSSE: kWh = HEIZWERT (Hu). Gasrechnungen weisen Brennwert-kWh (Ho) aus — diese vorher × 0,903 umrechnen, sonst liegen die Emissionen 10,8 % zu hoch. Alternativ direkt 0,181 kg CO₂/kWh(Ho) rechnen; beide Wege führen zum selben Ergebnis.",01b · Heizkosten- & CO₂-Verteilung (https://app.notion.com/p/01b-Heizkosten-CO-Verteilung-3a95fd420731814e9e5be043028d4856?pvs=21),geprüft,26. Juli 2026 21:27,5. August 2026,https://www.gesetze-im-internet.de/ebev_2030/anlage_2.html,"keine Anwendungspflicht — Ersatzwert bei fehlender Lieferantenangabe nach § 3 CO2KostAufG. § 3 Abs. 1 Nr. 3 verlangt ausdrücklich den HEIZWERTBEZOGENEN Emissionsfaktor. Wert = Anlage 2 Teil 4 Nr. 6 EBeV 2030 (0,0558 t CO₂/GJ × 0,0036 GJ/kWh = 0,20088 kg/kWh). Der dort genannte Umrechnungsfaktor 3,2508 GJ/MWh (= 3,6 × 0,903) betrifft die BEHG-Meldekette des Inverkehrbringers, der Erdgas in Brennwert-MWh meldet — nicht die Rechnungsausweisung nach § 3.",Konvention,07/2026
UVI-Turnus,monatlich ab 01.01.2022 — nur wenn fernablesbare Ausstattung vorhanden,"01b · Heizkosten- & CO₂-Verteilung (https://app.notion.com/p/01b-Heizkosten-CO-Verteilung-3a95fd420731814e9e5be043028d4856?pvs=21), 05 · Wächter / Fristen (https://app.notion.com/p/05-W-chter-Fristen-3a95fd42073181038246e579777508f9?pvs=21)",geprüft,26. Juli 2026 21:27,31. Januar 2027,https://www.gesetze-im-internet.de/heizkostenv/__6a.html,§ 6a Abs. 1 Nr. 2 HeizkostenV,Verordnung,07/2026
Plausibilitätsband CO₂ (K6),"5–70 kg CO₂/m²/a — Warnung, nie Blockade",01b · Heizkosten- & CO₂-Verteilung (https://app.notion.com/p/01b-Heizkosten-CO-Verteilung-3a95fd420731814e9e5be043028d4856?pvs=21),verify-before-production,26. Juli 2026 21:27,5. August 2026,https://www.gesetze-im-internet.de/co2kostaufg/BJNR215400022.html,keine — reine Produktheuristik. Anknüpfung: das Stufenmodell der Anlage zum CO2KostAufG spannt 0 bis ≥ 52 kg CO₂/m²/a auf; das Band 5–70 legt sich mit Reserve darüber.,Heuristik,07/2026
Emissionsfaktor Flüssiggas (K4),"0,236 kg CO₂/kWh — nur Fallback",01b · Heizkosten- & CO₂-Verteilung (https://app.notion.com/p/01b-Heizkosten-CO-Verteilung-3a95fd420731814e9e5be043028d4856?pvs=21),geprüft,13. August 2026 18:01,5. August 2026,https://www.gesetze-im-internet.de/ebev_2030/anlage_2.html,"keine Anwendungspflicht — Ersatzwert bei fehlender Lieferantenangabe nach § 3 CO2KostAufG. Wert = Anlage 2 Teil 4 Nr. 5b EBeV 2030 (Flüssiggas zu Heizzwecken: 0,0655 t CO₂/GJ × 0,0036 GJ/kWh = 0,2358 kg/kWh, kaufmännisch 0,236).",Konvention,07/2026
Warmwasser-Pauschale ohne Messung,Q = 32 × Wohnfläche [kWh/a],01b · Heizkosten- & CO₂-Verteilung (https://app.notion.com/p/01b-Heizkosten-CO-Verteilung-3a95fd420731814e9e5be043028d4856?pvs=21),geprüft,26. Juli 2026 21:27,31. Januar 2027,https://www.gesetze-im-internet.de/heizkostenv/__9.html,§ 9 Abs. 3 HeizkostenV,Verordnung,07/2026
Fiktivbelegung bei Leerstand,"letzte bekannte Belegung der Einheit, mindestens 1, taggenau; umschaltbar auf „immer 1""",01 · Die Abrechnung (https://app.notion.com/p/01-Die-Abrechnung-3a95fd420731816c9048ed7a517c3e9e?pvs=21),verify-before-production,26. Juli 2026 21:27,5. August 2026,,"LG Krefeld 2 S 56/09; BGH VIII ZR 180/12 (Tatfrage, nicht höchstrichterlich geklärt)",Konvention,07/2026
CO₂-Aufteilung Nichtwohngebäude,50 % / 50 %,01b · Heizkosten- & CO₂-Verteilung (https://app.notion.com/p/01b-Heizkosten-CO-Verteilung-3a95fd420731814e9e5be043028d4856?pvs=21),geprüft,26. Juli 2026 21:27,31. Januar 2027,https://www.gesetze-im-internet.de/co2kostaufg/__8.html,§ 8 CO2KostAufG,Gesetz,07/2026
Abweichungsschwelle Warmwasserzähler,"Zweistufig zwischen Σ Wohnungszähler und zentralem Volumen: ab 10 % Hinweis (nicht blockierend), ab 20 % Warnung mit Rechtsfolgenhinweis. Nie Blockade.",01b · Heizkosten- & CO₂-Verteilung (https://app.notion.com/p/01b-Heizkosten-CO-Verteilung-3a95fd420731814e9e5be043028d4856?pvs=21),verify-before-production,27. Juli 2026 17:00,5. August 2026,,"keine — Produktheuristik. Anknüpfung untere Stufe: Verkehrsfehlergrenze Wohnungswasserzähler nach § 22 Abs. 2 MessEV i. V. m. RL 2014/32/EU Anhang III (MI-001) = doppelte Eichfehlergrenze, also ± 10 % im unteren und ± 4 % im oberen Belastungsbereich. Obere Stufe (20 %): NICHT gegen eine Primärquelle verifiziert — die Zahl stammt aus Instanzrechtsprechung zur Umlagefähigkeit, konkrete Fundstelle steht aus.",Heuristik,07/2026
Vermutungswirkung Witterungsbereinigung,Bekanntmachung von BMWi + BMI im Bundesanzeiger — EXISTENZ NICHT VERIFIZIERT,01b · Heizkosten- & CO₂-Verteilung (https://app.notion.com/p/01b-Heizkosten-CO-Verteilung-3a95fd420731814e9e5be043028d4856?pvs=21),verify-before-production,26. Juli 2026 21:27,5. August 2026,https://www.gesetze-im-internet.de/heizkostenv/__6a.html,§ 6a Abs. 3 S. 4 HeizkostenV,Verordnung,07/2026
Gradtagszahltabelle VDI (K3),Zehntelpromille je Monat (Σ = 10000): 1700·1500·1300·800·400·133·133·134·300·800·1200·1600. Anzeige in Promille = Wert / 10.,"01b · Heizkosten- & CO₂-Verteilung (https://app.notion.com/p/01b-Heizkosten-CO-Verteilung-3a95fd420731814e9e5be043028d4856?pvs=21), 01 · Die Abrechnung (https://app.notion.com/p/01-Die-Abrechnung-3a95fd420731816c9048ed7a517c3e9e?pvs=21)",verify-before-production,27. Juli 2026 19:01,5. August 2026,https://www.gesetze-im-internet.de/heizkostenv/__9b.html,"§ 9b Abs. 2 HeizkostenV („anerkannte Regeln der Technik""); Tabelle selbst: VDI 2067 Blatt 1, Ausgabe 12/1983, Tabelle 22.",Konvention,07/2026
Geräteeinheiten — Rundung (K11),"1 Nachkommastelle, round_half_up; Wohnungssumme = Summe der gerundeten Gerätewerte",01b · Heizkosten- & CO₂-Verteilung (https://app.notion.com/p/01b-Heizkosten-CO-Verteilung-3a95fd420731814e9e5be043028d4856?pvs=21),verify-before-production,26. Juli 2026 21:27,5. August 2026,,"keine — reine Hauskonvention. Recherche 27.07.2026: keine externe Quelle vorhanden, weder Norm noch anerkannte Regel der Technik.",Konvention,07/2026
CO₂-Stufenmodell Wohngebäude,"10 Stufen, Vermieteranteil 0 % (<12 kg/m²a) bis 95 % (≥52). Intervalle links geschlossen, rechts offen.","01b · Heizkosten- & CO₂-Verteilung (https://app.notion.com/p/01b-Heizkosten-CO-Verteilung-3a95fd420731814e9e5be043028d4856?pvs=21), 01 · Die Abrechnung (https://app.notion.com/p/01-Die-Abrechnung-3a95fd420731816c9048ed7a517c3e9e?pvs=21)",geprüft,26. Juli 2026 21:27,31. Januar 2027,https://www.gesetze-im-internet.de/co2kostaufg/BJNR215400022.html,§§ 5–7 + Anlage CO2KostAufG,Gesetz,07/2026
Denkmal-/Milieuschutz — vollständiger Ausschluss,Vermieteranteil 0 %,01b · Heizkosten- & CO₂-Verteilung (https://app.notion.com/p/01b-Heizkosten-CO-Verteilung-3a95fd420731814e9e5be043028d4856?pvs=21),geprüft,26. Juli 2026 21:27,31. Januar 2027,https://www.gesetze-im-internet.de/co2kostaufg/BJNR215400022.html,§ 9 Abs. 2 CO2KostAufG,Gesetz,07/2026
CO₂-Pflichtangaben in der Abrechnung,Mieteranteil an den CO₂-Kosten + Einstufung + Berechnungsgrundlagen,"01b · Heizkosten- & CO₂-Verteilung (https://app.notion.com/p/01b-Heizkosten-CO-Verteilung-3a95fd420731814e9e5be043028d4856?pvs=21), 01 · Die Abrechnung (https://app.notion.com/p/01-Die-Abrechnung-3a95fd420731816c9048ed7a517c3e9e?pvs=21)",geprüft,26. Juli 2026 21:27,31. Januar 2027,https://www.gesetze-im-internet.de/co2kostaufg/BJNR215400022.html,§ 7 Abs. 3 CO2KostAufG,Gesetz,07/2026
Kürzungsrecht — fehlende fernablesbare Ausstattung,3 %,"01b · Heizkosten- & CO₂-Verteilung (https://app.notion.com/p/01b-Heizkosten-CO-Verteilung-3a95fd420731814e9e5be043028d4856?pvs=21), 01 · Die Abrechnung (https://app.notion.com/p/01-Die-Abrechnung-3a95fd420731816c9048ed7a517c3e9e?pvs=21)",verify-before-production,27. Juli 2026 19:02,5. August 2026,https://www.gesetze-im-internet.de/heizkostenv/__12.html,§ 12 Abs. 1 S. 2 HeizkostenV,Verordnung,07/2026
§ 35a-Ausweis für den Mieter,"Lohn-/Handwerkeranteil je Kostenzeile, zeilenweise gerundet",01 · Die Abrechnung (https://app.notion.com/p/01-Die-Abrechnung-3a95fd420731816c9048ed7a517c3e9e?pvs=21),geprüft,26. Juli 2026 21:27,31. Januar 2027,https://www.gesetze-im-internet.de/estg/__35a.html,§ 35a Abs. 2–3 EStG,Gesetz,07/2026
Warmwassertemperatur tw (K5),60 °C Default,01b · Heizkosten- & CO₂-Verteilung (https://app.notion.com/p/01b-Heizkosten-CO-Verteilung-3a95fd420731814e9e5be043028d4856?pvs=21),verify-before-production,26. Juli 2026 21:27,5. August 2026,https://www.gesetze-im-internet.de/heizkostenv/__9.html,"§ 9 Abs. 2 HeizkostenV („gemessene oder geschätzte"" Temperatur — Schätzung ausdrücklich zulässig). Technische Begründung des Defaults 60 °C: DVGW-Arbeitsblatt W 551 verlangt für Großanlagen mind. 60 °C am Austritt des Trinkwassererwärmers (Legionellenprophylaxe). Einzelanlagen können niedriger liegen — dort ist 60 °C zu hoch angesetzt.",Konvention,07/2026
Kürzungsrecht — nicht verbrauchsabhängig abgerechnet,15 % des Anteils des Nutzers,"01b · Heizkosten- & CO₂-Verteilung (https://app.notion.com/p/01b-Heizkosten-CO-Verteilung-3a95fd420731814e9e5be043028d4856?pvs=21), 01 · Die Abrechnung (https://app.notion.com/p/01-Die-Abrechnung-3a95fd420731816c9048ed7a517c3e9e?pvs=21)",geprüft,26. Juli 2026 21:27,31. Januar 2027,https://www.gesetze-im-internet.de/heizkostenv/__12.html,§ 12 Abs. 1 S. 1 HeizkostenV,Verordnung,07/2026
Durchschnittsnutzer-Vergleichswerte (K13),"Heizspiegel co2online — kommerzielle Verarbeitung nur mit ausdrücklicher Erlaubnis. V1: Online-Verweis nach § 6a Abs. 3 Nr. 4, NUR bei elektronischer Abrechnung und NUR für die Jahresabrechnung.",01b · Heizkosten- & CO₂-Verteilung (https://app.notion.com/p/01b-Heizkosten-CO-Verteilung-3a95fd420731814e9e5be043028d4856?pvs=21),verify-before-production,26. Juli 2026 21:27,5. August 2026,https://www.heizspiegel.de/heizkosten-pruefen/methodik-heizspiegel/,"§ 6a Abs. 2 Nr. 3, Abs. 3 S. 1 Nr. 4 HeizkostenV",Konvention,07/2026
Emissionsfaktor Heizöl (K4),"0,266 kg CO₂/kWh — nur Fallback",01b · Heizkosten- & CO₂-Verteilung (https://app.notion.com/p/01b-Heizkosten-CO-Verteilung-3a95fd420731814e9e5be043028d4856?pvs=21),geprüft,26. Juli 2026 21:27,5. August 2026,https://www.gesetze-im-internet.de/ebev_2030/anlage_2.html,"keine Anwendungspflicht — Ersatzwert bei fehlender Lieferantenangabe nach § 3 CO2KostAufG. Wert = Anlage 2 Teil 4 Nr. 3b EBeV 2030 (Gasöl zu Heizzwecken/Heizöl EL: 0,074 t CO₂/GJ × 0,0036 GJ/kWh = 0,2664 kg/kWh).",Konvention,07/2026
Rundungsweg (Seite 01 / docs/03 § 6),"round_half_up, zeilenweise, einmal je gedruckter Zeile — nie auf einem bereits gerundeten Wert","01 · Die Abrechnung (https://app.notion.com/p/01-Die-Abrechnung-3a95fd420731816c9048ed7a517c3e9e?pvs=21), 01b · Heizkosten- & CO₂-Verteilung (https://app.notion.com/p/01b-Heizkosten-CO-Verteilung-3a95fd420731814e9e5be043028d4856?pvs=21)",verify-before-production,26. Juli 2026 21:27,5. August 2026,,"keine — reine Hauskonvention; beide Wege sind vertretbar, wir binden uns an den, den der Mieter nachrechnen kann. Recherche 27.07.2026: keine externe Quelle vorhanden.",Konvention,07/2026
§ 9a-Schwelle für Schätzungen,25 % der Wohn-/Nutzfläche bzw. des umbauten Raums,01b · Heizkosten- & CO₂-Verteilung (https://app.notion.com/p/01b-Heizkosten-CO-Verteilung-3a95fd420731814e9e5be043028d4856?pvs=21),geprüft,26. Juli 2026 21:27,31. Januar 2027,https://www.gesetze-im-internet.de/heizkostenv/__9a.html,§ 9a Abs. 2 HeizkostenV,Verordnung,07/2026
BEHG CO₂-Preis 2026,"KEIN Einheitspreis 2026: Versteigerung im Preiskorridor 55–65 €/nEZ (= €/t CO₂), anschließende Verkaufsphase ab 03.11.2026 zu 68 €/nEZ, Nachkauf 2027 (bis 31.08.2027) zu 70 €/nEZ. Festpreis 2025 = 55 €/t (maßgeblich für Abrechnungszeiträume 2025).",01b · Heizkosten- & CO₂-Verteilung (https://app.notion.com/p/01b-Heizkosten-CO-Verteilung-3a95fd420731814e9e5be043028d4856?pvs=21),verify-before-production,26. Juli 2026 21:27,30. September 2026,https://www.dehst.de/DE/Themen/nEHS/Verkauf-Versteigerung/verkauf-versteigerung_artikel.html,"§ 10 Abs. 1 S. 2, Abs. 2 S. 4 BEHG (Korridor 55–65 €); § 12 Abs. 1 BEHV (Mindest-/Höchstgebotspreis), § 14 BEHV (Verkaufsphase 68 €), § 15 BEHV (Nachkauf 2027 70 €). Die Werte 68/70 stehen NICHT im BEHG.",Gesetz,07/2026
Abrechnungsfrist Betriebskosten,"12 Monate nach Ende des Abrechnungszeitraums; danach keine Nachforderung, außer nicht zu vertreten","01 · Die Abrechnung (https://app.notion.com/p/01-Die-Abrechnung-3a95fd420731816c9048ed7a517c3e9e?pvs=21), 05 · Wächter / Fristen (https://app.notion.com/p/05-W-chter-Fristen-3a95fd42073181038246e579777508f9?pvs=21)",geprüft,26. Juli 2026 21:27,31. Januar 2027,https://www.gesetze-im-internet.de/bgb/__556.html,§ 556 Abs. 3 S. 2–3 BGB,Gesetz,07/2026
Geräteliste auf der Mieterausfertigung (K10),"Gerätenummer · Raum · Stand alt/neu · Bewertungsfaktor · Einheiten — freiwillig, keine Norm verlangt den Einzelausweis je Heizkörper","01b · Heizkosten- & CO₂-Verteilung (https://app.notion.com/p/01b-Heizkosten-CO-Verteilung-3a95fd420731814e9e5be043028d4856?pvs=21), 01 · Die Abrechnung (https://app.notion.com/p/01-Die-Abrechnung-3a95fd420731816c9048ed7a517c3e9e?pvs=21)",verify-before-production,26. Juli 2026 21:27,5. August 2026,https://juris.bundesgerichtshof.de/cgi-bin/rechtsprechung/document.py?Gericht=bgh&Art=en&nr=81444,"keine; Motiv: BGH VIII ZR 189/17, Urteil v. 07.02.2018 (Darlegungs- und Beweislast für die Richtigkeit der Abrechnung liegt beim Vermieter; umfassendes Belegeinsichtsrecht des Mieters, auch in Verbrauchsdaten anderer Nutzer)",Konvention,07/2026
Zahlungsfrist bei Nachzahlung,"30 Tage — üblich, nicht gesetzlich",01 · Die Abrechnung (https://app.notion.com/p/01-Die-Abrechnung-3a95fd420731816c9048ed7a517c3e9e?pvs=21),verify-before-production,26. Juli 2026 21:27,5. August 2026,https://www.gesetze-im-internet.de/bgb/__286.html,keine gesetzliche Frist; Fälligkeit tritt mit Zugang einer ordnungsgemäßen Abrechnung ein. Anknüpfung für die 30 Tage: § 286 Abs. 3 BGB (Verzug 30 Tage nach Fälligkeit und Zugang der Rechnung; gegenüber Verbrauchern nur bei besonderem Hinweis).,Konvention,07/2026
§ 6a Abs. 3 — Pflichtinformationen zur Abrechnung,Energieträgeranteil + THG + Primärenergiefaktor · Steuern/Abgaben/Zölle · Entgelte für Ausstattung/Eichung/Ablesung/Abrechnung · Kontaktdaten · Streitbeilegungshinweis · Durchschnittsnutzer-Vergleich · witterungsbereinigter Vorjahresvergleich in grafischer Form,"01b · Heizkosten- & CO₂-Verteilung (https://app.notion.com/p/01b-Heizkosten-CO-Verteilung-3a95fd420731814e9e5be043028d4856?pvs=21), 01 · Die Abrechnung (https://app.notion.com/p/01-Die-Abrechnung-3a95fd420731816c9048ed7a517c3e9e?pvs=21)",geprüft,26. Juli 2026 21:27,31. Januar 2027,https://www.gesetze-im-internet.de/heizkostenv/__6a.html,§ 6a Abs. 3 S. 1 Nr. 1–5 HeizkostenV,Verordnung,07/2026
Nachrüstfrist fernablesbare Ausstattung,31.12.2026,"01b · Heizkosten- & CO₂-Verteilung (https://app.notion.com/p/01b-Heizkosten-CO-Verteilung-3a95fd420731814e9e5be043028d4856?pvs=21), 05 · Wächter / Fristen (https://app.notion.com/p/05-W-chter-Fristen-3a95fd42073181038246e579777508f9?pvs=21)",geprüft,26. Juli 2026 21:27,1. Dezember 2026,https://www.gesetze-im-internet.de/heizkostenv/BJNR002610981.html,§ 5 Abs. 2 HeizkostenV,Verordnung,07/2026
Denkmal-/Milieuschutz — Halbierung,"Vermieteranteil × 0,5; Nachweispflicht gegenüber dem Mieter (Abs. 3)",01b · Heizkosten- & CO₂-Verteilung (https://app.notion.com/p/01b-Heizkosten-CO-Verteilung-3a95fd420731814e9e5be043028d4856?pvs=21),geprüft,26. Juli 2026 21:27,31. Januar 2027,https://www.gesetze-im-internet.de/co2kostaufg/BJNR215400022.html,"§ 9 Abs. 1, 3 CO2KostAufG",Gesetz,07/2026
Heizwert Heizöl (K7),10 kWh/l; Bewertung mit gewichtetem Durchschnittspreis,01b · Heizkosten- & CO₂-Verteilung (https://app.notion.com/p/01b-Heizkosten-CO-Verteilung-3a95fd420731814e9e5be043028d4856?pvs=21),verify-before-production,26. Juli 2026 21:27,5. August 2026,https://www.gesetze-im-internet.de/ebev_2030/anlage_2.html,"§ 9 Abs. 3 S. 3–4 HeizkostenV: primär sind die Hi-Werte der Abrechnungsunterlagen des Lieferanten zu verwenden; fehlen sie, nennt die Tabelle in § 9 Abs. 3 hilfsweise „Leichtes Heizöl extra leichtflüssig 10 kWh je Liter"". Der Wert ist also normiert, nicht frei gewählt. Plausibilisierung über EBeV 2030 Anlage 2 Teil 4 Nr. 3b (Dichte 0,845 t/1000 l × Hi 42,8 GJ/t = 36,17 MJ/l = 10,046 kWh/l).",Verordnung,07/2026
Rechnungsabgrenzung (K8),taggenau linear auf den Abrechnungszeitraum; Deckung < 100 % → nicht wegklickbare Warnung,01b · Heizkosten- & CO₂-Verteilung (https://app.notion.com/p/01b-Heizkosten-CO-Verteilung-3a95fd420731814e9e5be043028d4856?pvs=21),verify-before-production,26. Juli 2026 21:27,5. August 2026,,"keine — reine Hauskonvention. Recherche 27.07.2026: keine externe Quelle vorhanden; die taggenau-lineare Abgrenzung ist Abrechnungspraxis, nicht normiert.",Konvention,07/2026
Leerstand bleibt im Gesamtverteiler,Leerstehende Flächen dürfen nicht herausgerechnet werden — gilt für verbrauchsunabhängige UND verbrauchsabhängige Kosten,"01 · Die Abrechnung (https://app.notion.com/p/01-Die-Abrechnung-3a95fd420731816c9048ed7a517c3e9e?pvs=21), 01b · Heizkosten- & CO₂-Verteilung (https://app.notion.com/p/01b-Heizkosten-CO-Verteilung-3a95fd420731814e9e5be043028d4856?pvs=21)",geprüft,26. Juli 2026 21:27,31. Januar 2027,https://www.bundesgerichtshof.de/SharedDocs/Entscheidungen/DE/Zivilsenate/VIII_ZS/2005/VIII_ZR_159-05.pdf?__blob=publicationFile&v=1,BGH VIII ZR 159/05 v. 31.05.2006,Rechtsprechung,07/2026
Klimafaktoren DWD (K12),"KF = Gradtage(TRY Potsdam) / Gradtage(Ort); ~8200 PLZ, gleitende 12-Monats-Zeiträume, Aktualisierung ca. 6 Wochen nach Monatsende. Lizenz GeoNutzV, Quellenangabe Pflicht.",01b · Heizkosten- & CO₂-Verteilung (https://app.notion.com/p/01b-Heizkosten-CO-Verteilung-3a95fd420731814e9e5be043028d4856?pvs=21),verify-before-production,26. Juli 2026 21:27,5. August 2026,https://www.dwd.de/DE/leistungen/klimafaktoren/klimafaktoren.html,§ 6a Abs. 3 S. 3 HeizkostenV i. V. m. § 82 Abs. 3 GEG,Konvention,07/2026
Warmwasser-Ersatzgleichung,"Q = 2,5 × V(m³) × (tw − 10) [kWh/a]",01b · Heizkosten- & CO₂-Verteilung (https://app.notion.com/p/01b-Heizkosten-CO-Verteilung-3a95fd420731814e9e5be043028d4856?pvs=21),geprüft,26. Juli 2026 21:27,31. Januar 2027,https://www.gesetze-im-internet.de/heizkostenv/__9.html,§ 9 Abs. 2 HeizkostenV,Verordnung,07/2026
CO₂-Kürzungsrecht,"3 % der Heizkosten, verschuldensunabhängig","01b · Heizkosten- & CO₂-Verteilung (https://app.notion.com/p/01b-Heizkosten-CO-Verteilung-3a95fd420731814e9e5be043028d4856?pvs=21), 01 · Die Abrechnung (https://app.notion.com/p/01-Die-Abrechnung-3a95fd420731816c9048ed7a517c3e9e?pvs=21)",geprüft,26. Juli 2026 21:27,31. Januar 2027,https://www.gesetze-im-internet.de/co2kostaufg/BJNR215400022.html,§ 7 Abs. 4 CO2KostAufG,Gesetz,07/2026
Verteilungsrest (K9),"Blockbetrag − Σ gerundete Anteile → Eigentümer, ±1 ct je Block","01b · Heizkosten- & CO₂-Verteilung (https://app.notion.com/p/01b-Heizkosten-CO-Verteilung-3a95fd420731814e9e5be043028d4856?pvs=21), 01 · Die Abrechnung (https://app.notion.com/p/01-Die-Abrechnung-3a95fd420731816c9048ed7a517c3e9e?pvs=21)",verify-before-production,26. Juli 2026 21:27,5. August 2026,,"keine — reine Hauskonvention. Recherche 27.07.2026: keine externe Quelle vorhanden, weder Norm noch anerkannte Regel der Technik.",Konvention,07/2026
Grundkostenanteil (K1),"30 % Default, konfigurierbar 30–50 %","01b · Heizkosten- & CO₂-Verteilung (https://app.notion.com/p/01b-Heizkosten-CO-Verteilung-3a95fd420731814e9e5be043028d4856?pvs=21), 01 · Die Abrechnung (https://app.notion.com/p/01-Die-Abrechnung-3a95fd420731816c9048ed7a517c3e9e?pvs=21)",verify-before-production,26. Juli 2026 21:27,5. August 2026,https://www.gesetze-im-internet.de/heizkostenv/BJNR002610981.html,"§ 7 Abs. 1, § 8 Abs. 1 HeizkostenV",Konvention,07/2026
Belegeinsicht und Beweislast der Erfassung,Vermieter trägt Darlegungs- und Beweislast für die richtige Erfassung; Mieter darf ohne besonderes Interesse auch die Ablesebelege der anderen Einheiten einsehen; bis dahin keine Zahlungspflicht,"01b · Heizkosten- & CO₂-Verteilung (https://app.notion.com/p/01b-Heizkosten-CO-Verteilung-3a95fd420731814e9e5be043028d4856?pvs=21), 01 · Die Abrechnung (https://app.notion.com/p/01-Die-Abrechnung-3a95fd420731816c9048ed7a517c3e9e?pvs=21)",geprüft,26. Juli 2026 21:27,31. Januar 2027,https://www.bundesgerichtshof.de/SharedDocs/Termine/DE/Termine/VIIIZR189.html,BGH VIII ZR 189/17 v. 07.02.2018,Rechtsprechung,07/2026
Einwendungsfrist des Mieters,12 Monate ab Zugang der Abrechnung,"01 · Die Abrechnung (https://app.notion.com/p/01-Die-Abrechnung-3a95fd420731816c9048ed7a517c3e9e?pvs=21), 05 · Wächter / Fristen (https://app.notion.com/p/05-W-chter-Fristen-3a95fd42073181038246e579777508f9?pvs=21)",geprüft,26. Juli 2026 21:27,31. Januar 2027,https://www.gesetze-im-internet.de/bgb/__556.html,§ 556 Abs. 3 S. 5–6 BGB,Gesetz,07/2026
Verbrauchsabhängiger Anteil — gesetzliche Bandbreite,50–70 % nach Verbrauch,01b · Heizkosten- & CO₂-Verteilung (https://app.notion.com/p/01b-Heizkosten-CO-Verteilung-3a95fd420731814e9e5be043028d4856?pvs=21),geprüft,26. Juli 2026 21:27,31. Januar 2027,https://www.gesetze-im-internet.de/heizkostenv/BJNR002610981.html,"§ 7 Abs. 1, § 8 Abs. 1 HeizkostenV",Verordnung,07/2026
Kürzungsrecht — fehlende oder unvollständige § 6a-Information (UVI + Abrechnungs-Infoblock),3 %,"01b · Heizkosten- & CO₂-Verteilung (https://app.notion.com/p/01b-Heizkosten-CO-Verteilung-3a95fd420731814e9e5be043028d4856?pvs=21), 01 · Die Abrechnung (https://app.notion.com/p/01-Die-Abrechnung-3a95fd420731816c9048ed7a517c3e9e?pvs=21), 05 · Wächter / Fristen (https://app.notion.com/p/05-W-chter-Fristen-3a95fd42073181038246e579777508f9?pvs=21)",verify-before-production,27. Juli 2026 19:02,5. August 2026,https://www.gesetze-im-internet.de/heizkostenv/__12.html,§ 12 Abs. 1 S. 3 i. V. m. § 6a HeizkostenV,Verordnung,07/2026
Belegeinsicht — elektronische Bereitstellung zulässig (Wohnraum),Vermieter darf Belege elektronisch bereitstellen (Wohnraum). Gewerberaum: OLG Schleswig lehnt analoge Anwendung ab — dort bleibt es beim Original-Einsichtsrecht.,"01 · Die Abrechnung (https://app.notion.com/p/01-Die-Abrechnung-3a95fd420731816c9048ed7a517c3e9e?pvs=21), 05 · Wächter / Fristen (https://app.notion.com/p/05-W-chter-Fristen-3a95fd42073181038246e579777508f9?pvs=21)",geprüft,27. Juli 2026 16:51,5. August 2026,https://www.gesetze-im-internet.de/bgb/__556.html,§ 556 Abs. 4 BGB,Gesetz,07/2026
Verbrauchsvergleich — Umfang und Bereinigung,Der Vergleich umfasst Wärme und Warmwasser. Witterungsbereinigt wird nur der Wärmeverbrauch; Warmwasser wird unbereinigt ausgewiesen.,"01b · Heizkosten- & CO₂-Verteilung (https://app.notion.com/p/01b-Heizkosten-CO-Verteilung-3a95fd420731814e9e5be043028d4856?pvs=21), 01 · Die Abrechnung (https://app.notion.com/p/01-Die-Abrechnung-3a95fd420731816c9048ed7a517c3e9e?pvs=21)",verify-before-production,27. Juli 2026 19:16,5. August 2026,https://www.gesetze-im-internet.de/heizkostenv/__6a.html,§ 6a Abs. 3 S. 2–3 HeizkostenV,Verordnung,07/2026
Grundkosten-Verteilung nach m²-Tagen (K2),"Grundkosten Heizung und Warmwasser werden zeitanteilig nach m²-Tagen verteilt, nicht nach Gradtagszahlen. Nenner nM2Tage einschließlich Leerstand.","01b · Heizkosten- & CO₂-Verteilung (https://app.notion.com/p/01b-Heizkosten-CO-Verteilung-3a95fd420731814e9e5be043028d4856?pvs=21), 01 · Die Abrechnung (https://app.notion.com/p/01-Die-Abrechnung-3a95fd420731816c9048ed7a517c3e9e?pvs=21)",verify-before-production,27. Juli 2026 19:16,5. August 2026,https://www.gesetze-im-internet.de/heizkostenv/__9b.html,"Maßstab: § 7 Abs. 1 S. 5 HeizkostenV (übrige Kosten Wärme nach Wohn-/Nutzfläche oder umbautem Raum) und § 8 Abs. 1 HeizkostenV (übrige Kosten Warmwasser nach Wohn-/Nutzfläche). Zeitanteil: § 9b Abs. 2 HeizkostenV lässt für die übrigen Wärmekosten bei Nutzerwechsel Gradtagszahlen ODER zeitanteilig zu, für Warmwasser nur zeitanteilig — wir nehmen durchgängig zeitanteilig, weil die NK-Engine (Seite 01) denselben Nenner benutzt. § 9b Abs. 2 allein trägt den Flächenmaßstab NICHT; er regelt nur die Aufteilung zwischen Vor- und Nachnutzer.",Konvention,07/2026
MDL-Beträge werden nie nachgerechnet (K14),"Eine hochgeladene Messdienst-Abrechnung wird validiert (Kontrollsumme M3), aber nie neu berechnet. Der ausgewiesene Betrag je Nutzeinheit wird unverändert übernommen.",01b · Heizkosten- & CO₂-Verteilung (https://app.notion.com/p/01b-Heizkosten-CO-Verteilung-3a95fd420731814e9e5be043028d4856?pvs=21),verify-before-production,27. Juli 2026 19:16,5. August 2026,,"keine — Produkt- und Haftungsentscheidung. Lokara hat keine Rechtsposition, eine Messdienst-Abrechnung zu überstimmen; zwei konkurrierende Zahlen für denselben Mieter wären ein Haftungsrisiko.",Konvention,07/2026
Schätzung bei Geräteausfall,"§ 9a Abs. 1 nennt DREI gleichrangige Schätzgrundlagen: (a) Verbrauch der betroffenen Räume in vergleichbaren Zeiträumen, (b) Verbrauch vergleichbarer anderer Räume im jeweiligen Abrechnungszeitraum, (c) Durchschnittsverbrauch des Gebäudes oder der Nutzergruppe. § 9a Abs. 2: überschreitet die geschätzte Fläche 25 % der Gesamtfläche, ist NICHT mehr zu schätzen — dann sind die Kosten ausschließlich nach dem Restkostenmaßstab (§ 7 Abs. 1 S. 5, § 8 Abs. 1) zu verteilen. HARTE GRENZE, Engine muss sie prüfen. Die Kennzeichnung der Schätzung auf der Abrechnung steht NICHT in § 9a — das ist Konvention (Transparenz/Nachvollziehbarkeit § 259 BGB).",01b · Heizkosten- & CO₂-Verteilung (https://app.notion.com/p/01b-Heizkosten-CO-Verteilung-3a95fd420731814e9e5be043028d4856?pvs=21),verify-before-production,27. Juli 2026 19:16,5. August 2026,https://www.gesetze-im-internet.de/heizkostenv/__9a.html,§ 9a Abs. 1 HeizkostenV,Verordnung,07/2026
CO₂-Ausweispflicht des Brennstofflieferanten,"Der Lieferant muss auf der Rechnung ausweisen (§ 3 Abs. 1 Nr. 1–5): (1) Brennstoffemissionen der Lieferung in kg CO₂, (2) den Preisbestandteil der CO₂-Kosten in Euro, (3) den heizwertbezogenen Emissionsfaktor in kg CO₂/kWh, (4) den Energiegehalt der Liefermenge in kWh, (5) einen Hinweis auf die Erstattungsansprüche nach § 6 Abs. 2 und § 8 Abs. 2. Fehlt das, greifen die Fallback-Faktoren (K4). ACHTUNG: „Heizwert"" ist KEINE eigene Pflichtangabe — Nr. 3 verlangt den heizwertbezogenen Emissionsfaktor.",01b · Heizkosten- & CO₂-Verteilung (https://app.notion.com/p/01b-Heizkosten-CO-Verteilung-3a95fd420731814e9e5be043028d4856?pvs=21),verify-before-production,27. Juli 2026 19:16,5. August 2026,https://www.gesetze-im-internet.de/co2kostaufg/BJNR215400022.html,"§ 3 Abs. 1 Nr. 1–5, Abs. 2 CO2KostAufG (Abs. 2: für Nr. 3 sind die Standardwerte der Rechtsverordnung nach § 7 Abs. 4 Nr. 2 und 4 BEHG = EBeV 2030 zugrunde zu legen)",Gesetz,07/2026
Umlagefähige Betriebskosten der Heizanlage,"Abschließender Katalog des § 7 Abs. 2: (1) Strom, der ZUR WÄRMEERZEUGUNG verbraucht wird (wichtig bei Wärmepumpe), (2) verbrauchte Brennstoffe UND deren Lieferkosten, (3) Betriebsstrom, (4) Bedienung, Überwachung und Pflege der Anlage, (5) regelmäßige Prüfung der Betriebsbereitschaft und -sicherheit einschl. Einstellung durch eine Fachkraft, (6) Reinigung der Anlage UND des Betriebsraumes, (7) Messungen nach dem Bundes-Immissionsschutzgesetz, (8) Anmietung/Gebrauchsüberlassung einer Ausstattung zur Verbrauchserfassung, (9) Verwendung dieser Ausstattung einschl. Eichung, (10) Berechnung, Aufteilung sowie Abrechnungs- und Verbrauchsinformationen gemäß § 6a. Warmwasser: § 8 Abs. 2 verweist für die Wassererwärmung auf § 7 Abs. 2 und ergänzt die Kosten der Wasserversorgung (Verbrauch, Grundgebühren, Zählermiete, Zwischenzähler, hauseigene Versorgungs-/Aufbereitungsanlage einschl. Aufbereitungsstoffe).",01b · Heizkosten- & CO₂-Verteilung (https://app.notion.com/p/01b-Heizkosten-CO-Verteilung-3a95fd420731814e9e5be043028d4856?pvs=21),verify-before-production,27. Juli 2026 19:16,5. August 2026,https://www.gesetze-im-internet.de/heizkostenv/__7.html,§ 7 Abs. 2 HeizkostenV (Wärme); § 8 Abs. 2 HeizkostenV (Warmwasser); § 7 Abs. 4 / § 8 Abs. 4 für Wärme- bzw. Warmwasserlieferung,Verordnung,07/2026
Informationspflichten bei nicht verbrauchsbasierter Abrechnung,"Beruht die Abrechnung nicht auf Verbrauch oder Ablesewerten, sind nur die Angaben nach § 6a Abs. 3 Nr. 2 und 3 zu machen — nicht der volle Katalog.",01b · Heizkosten- & CO₂-Verteilung (https://app.notion.com/p/01b-Heizkosten-CO-Verteilung-3a95fd420731814e9e5be043028d4856?pvs=21),verify-before-production,27. Juli 2026 19:16,5. August 2026,https://www.gesetze-im-internet.de/heizkostenv/__6a.html,§ 6a Abs. 5 HeizkostenV,Verordnung,07/2026
Nutzerwechsel im Abrechnungszeitraum,"Zwischenablesung ist der Regelfall. Ohne verwertbare Ablesung: Wärme-Restkosten nach Gradtagszahlen oder zeitanteilig, Warmwasser zeitanteilig. Ganz ohne Ablesung: alles nach dem Restkostenmaßstab.",01b · Heizkosten- & CO₂-Verteilung (https://app.notion.com/p/01b-Heizkosten-CO-Verteilung-3a95fd420731814e9e5be043028d4856?pvs=21),verify-before-production,27. Juli 2026 19:16,5. August 2026,https://www.gesetze-im-internet.de/heizkostenv/__9b.html,§ 9b Abs. 1–3 HeizkostenV,Verordnung,07/2026
§ 35a-Block auf der Betriebskostenabrechnung,"Lokara weist den Lohn-/Dienstleistungsanteil nach § 35a EStG immer als eigenen Block aus. Der Anspruch des MIETERS ist gesetzlich; eine Pflicht des VERMIETERS, ihn auf der Betriebskostenabrechnung zu beziffern, gibt es nicht — sie ist verkehrsübliche Praxis. Herleitung zeilenweise: anteil × lohnanteil / gesamtkosten je Kostenposition, dann summieren (nie umgekehrt).",01 · Die Abrechnung (https://app.notion.com/p/01-Die-Abrechnung-3a95fd420731816c9048ed7a517c3e9e?pvs=21),verify-before-production,27. Juli 2026 20:14,5. August 2026,https://www.gesetze-im-internet.de/estg/__35a.html,§ 35a Abs. 2–3 EStG (Anspruch des Mieters); keine Norm begründet eine Ausweispflicht des Vermieters auf der Abrechnung,Konvention,07/2026
Wording Leerstandsaufstellung,"Die Leerstandsaufstellung darf NIE als „gesetzlich vorgeschrieben"" vermarktet werden — korrektes Wording: „erfüllt Ihre Nachweispflicht gegenüber dem Finanzamt"". Ebenso durchgängig „rechtskonform"", nie „rechtssicher"". Die Aufstellung ist eine freiwillige Form zum Nachweis der fortbestehenden Einkünfteerzielungsabsicht.",01 · Die Abrechnung (https://app.notion.com/p/01-Die-Abrechnung-3a95fd420731816c9048ed7a517c3e9e?pvs=21),verify-before-production,27. Juli 2026 20:14,5. August 2026,https://www.gesetze-im-internet.de/ao_1977/__90.html,"§§ 9, 21 EStG (Werbungskostenabzug setzt fortbestehende Einkünfteerzielungsabsicht voraus); § 90 AO (Feststellungslast beim Steuerpflichtigen); BFH IX R 68/10. Keine Norm schreibt Form oder Existenz einer Leerstandsaufstellung vor.",Konvention,07/2026
Kürzungsrecht — CO₂-Anteil nicht ausgewiesen,"3 % — der Mieter darf seinen Anteil an den HEIZKOSTEN um 3 Prozent kürzen, wenn der Vermieter den auf ihn entfallenden CO₂-Kostenanteil nicht bestimmt ODER die Pflichtangaben nach § 7 Abs. 3 (Anteil, Einstufung des Gebäudes, Berechnungsgrundlagen) nicht ausweist. Kumuliert mit den beiden 3-%-Rechten aus § 12 Abs. 1 S. 2 und S. 3 HeizkostenV — die Engine muss alle drei getrennt führen.","01b · Heizkosten- & CO₂-Verteilung (https://app.notion.com/p/01b-Heizkosten-CO-Verteilung-3a95fd420731814e9e5be043028d4856?pvs=21), 01 · Die Abrechnung (https://app.notion.com/p/01-Die-Abrechnung-3a95fd420731816c9048ed7a517c3e9e?pvs=21)",verify-before-production,27. Juli 2026 20:14,5. August 2026,https://www.gesetze-im-internet.de/co2kostaufg/__7.html,§ 7 Abs. 4 CO2KostAufG (Wohngebäude); § 8 Abs. 4 CO2KostAufG erklärt § 7 Abs. 3 und 4 für Nichtwohngebäude für entsprechend anwendbar,Gesetz,07/2026
CO₂-Mieteranteil — Pro-rata-Ableitung (D7 Schritt 6),"Der auf den einzelnen Mieter entfallende CO₂-Kostenanteil wird pro rata zu seinem Heizkostenanteil abgeleitet: co2AnteilMieter = round(co2MieterGesamt × heizAnteilMieter / Σ heizAnteilMieter). Zeilenweise round_half_up; der Verteilungsrest landet beim Eigentümer und wird NIE still verteilt. Dass die vier Werte im Referenzobjekt exakt auf co2MieterGesamt aufgehen, ist Zufall, keine Invariante — Drift von ± 1–2 ct ist zulässig.","01 · Die Abrechnung (https://app.notion.com/p/01-Die-Abrechnung-3a95fd420731816c9048ed7a517c3e9e?pvs=21), 01b · Heizkosten- & CO₂-Verteilung (https://app.notion.com/p/01b-Heizkosten-CO-Verteilung-3a95fd420731814e9e5be043028d4856?pvs=21)",verify-before-production,27. Juli 2026 20:14,5. August 2026,https://www.gesetze-im-internet.de/co2kostaufg/__7.html,"§ 7 Abs. 1 S. 2 CO2KostAufG verlangt die Verteilung „gemäß der Vereinbarung über die Verteilung der Heiz- und Warmwasserkosten auf Grundlage der §§ 6 bis 10 HeizkostenV"" — die konkrete Pro-rata-Formel steht dort nicht und ist unsere Konvention. Der AUSWEIS des Anteils ist dagegen Pflicht (§ 7 Abs. 3), das Kürzungsrecht bei Verstoß folgt aus § 7 Abs. 4.",Konvention,07/2026
AfA-Satz 2 % — Fertigstellung 1925 bis 2022,2 % p. a. (200 bp),03 · AfA (Abschreibung) (https://app.notion.com/p/03-AfA-Abschreibung-3a95fd4207318179b865c8a1c9e4b487?pvs=21),geprüft,28. Juli 2026 16:35,5. August 2026,https://lxgesetze.de/estg/7,§ 7 Abs. 4 S. 1 Nr. 2 lit. b EStG,Gesetz,07/2026
Zwölftelung im Anschaffungs- bzw. Herstellungsjahr,1/12 je vollem Monat vor dem Anschaffungsmonat,03 · AfA (Abschreibung) (https://app.notion.com/p/03-AfA-Abschreibung-3a95fd4207318179b865c8a1c9e4b487?pvs=21),verify-before-production,28. Juli 2026 16:35,5. August 2026,https://lxgesetze.de/estg/7,§ 7 Abs. 1 S. 4 EStG,Gesetz,07/2026
AfA-Satz 3 % — Wirtschaftsgebäude im Betriebsvermögen,3 % p. a. (300 bp),03 · AfA (Abschreibung) (https://app.notion.com/p/03-AfA-Abschreibung-3a95fd4207318179b865c8a1c9e4b487?pvs=21),verify-before-production,28. Juli 2026 16:35,5. August 2026,https://lxgesetze.de/estg/7,§ 7 Abs. 4 S. 1 Nr. 1 EStG,Gesetz,07/2026
Degressive AfA für Wohngebäude,5 % vom Restwert,03 · AfA (Abschreibung) (https://app.notion.com/p/03-AfA-Abschreibung-3a95fd4207318179b865c8a1c9e4b487?pvs=21),verify-before-production,28. Juli 2026 16:35,5. August 2026,https://lxgesetze.de/estg/7,§ 7 Abs. 5a EStG,Gesetz,07/2026
Gesamtnutzungsdauer Ein-/Zweifamilien- und Mehrfamilienhäuser,80 Jahre,03 · AfA (Abschreibung) (https://app.notion.com/p/03-AfA-Abschreibung-3a95fd4207318179b865c8a1c9e4b487?pvs=21),verify-before-production,28. Juli 2026 16:35,5. August 2026,https://lxgesetze.de/immowertv,Anlage 1 ImmoWertV 2021,Verordnung,07/2026
Unentgeltlicher Erwerb — AfA-Fortführung (Fußstapfentheorie),Bemessungsgrundlage und Restnutzungsdauer des Rechtsvorgängers,03 · AfA (Abschreibung) (https://app.notion.com/p/03-AfA-Abschreibung-3a95fd4207318179b865c8a1c9e4b487?pvs=21),verify-before-production,28. Juli 2026 16:35,5. August 2026,https://lxgesetze.de/estdv/11d,§ 11d Abs. 1 EStDV,Verordnung,07/2026
Schuldzinsen als Werbungskosten,"nur Zinsanteil, nie Tilgung",03 · AfA (Abschreibung) (https://app.notion.com/p/03-AfA-Abschreibung-3a95fd4207318179b865c8a1c9e4b487?pvs=21),verify-before-production,28. Juli 2026 16:35,5. August 2026,https://lxgesetze.de/estg/9,§ 9 Abs. 1 S. 3 Nr. 1 EStG,Gesetz,07/2026
Bescheidänderung bei rückwirkender 15 %-Überschreitung,—,03 · AfA (Abschreibung) (https://app.notion.com/p/03-AfA-Abschreibung-3a95fd4207318179b865c8a1c9e4b487?pvs=21),verify-before-production,28. Juli 2026 16:35,5. August 2026,https://lxgesetze.de/ao/175,"§§ 164, 175 Abs. 1 S. 1 Nr. 2 AO",Gesetz,07/2026
Gestaltungsmissbrauch — Grenze der vertraglichen Kaufpreisaufteilung,—,03 · AfA (Abschreibung) (https://app.notion.com/p/03-AfA-Abschreibung-3a95fd4207318179b865c8a1c9e4b487?pvs=21),verify-before-production,28. Juli 2026 16:35,5. August 2026,https://lxgesetze.de/ao/42,§ 42 AO,Gesetz,07/2026
Zwölftelung gilt auch für Gebäude,—,03 · AfA (Abschreibung) (https://app.notion.com/p/03-AfA-Abschreibung-3a95fd4207318179b865c8a1c9e4b487?pvs=21),verify-before-production,28. Juli 2026 16:35,5. August 2026,,R 7.4 Abs. 2 EStR,Verordnung,07/2026
"AfA-Satz 2,5 % — Fertigstellung vor 1925","2,5 % p. a. (250 bp)",03 · AfA (Abschreibung) (https://app.notion.com/p/03-AfA-Abschreibung-3a95fd4207318179b865c8a1c9e4b487?pvs=21),geprüft,28. Juli 2026 16:35,5. August 2026,https://lxgesetze.de/estg/7,§ 7 Abs. 4 S. 1 Nr. 2 lit. c EStG,Gesetz,07/2026
Aufteilung nach Nutzfläche bei getrennten Nutzungszusammenhängen,—,03 · AfA (Abschreibung) (https://app.notion.com/p/03-AfA-Abschreibung-3a95fd4207318179b865c8a1c9e4b487?pvs=21),verify-before-production,28. Juli 2026 16:35,5. August 2026,,R 4.2 Abs. 4 EStR,Verordnung,07/2026
Nachträgliche AK/HK gelten als zu Jahresbeginn aufgewendet,—,03 · AfA (Abschreibung) (https://app.notion.com/p/03-AfA-Abschreibung-3a95fd4207318179b865c8a1c9e4b487?pvs=21),verify-before-production,28. Juli 2026 16:35,5. August 2026,,R 7.4 Abs. 9 EStR,Verordnung,07/2026
Nutzungsdauer-Gutachten — Anforderung an den Sachverständigen,öffentlich bestellt und vereidigt oder zertifiziert,03 · AfA (Abschreibung) (https://app.notion.com/p/03-AfA-Abschreibung-3a95fd4207318179b865c8a1c9e4b487?pvs=21),verify-before-production,28. Juli 2026 16:35,5. August 2026,https://www.bundesfinanzministerium.de,"BMF-Schreiben v. 22.02.2023, IV C 3 – S 2196/22/10006 :005",Verordnung,07/2026
Normalherstellungskosten NHK 2010,"€/m² Bruttogrundfläche, Standardstufen 1–5",03 · AfA (Abschreibung) (https://app.notion.com/p/03-AfA-Abschreibung-3a95fd4207318179b865c8a1c9e4b487?pvs=21),verify-before-production,28. Juli 2026 16:35,5. August 2026,https://lxgesetze.de/immowertv,ImmoWertV 2021 / NHK 2010,Verordnung,07/2026
Herstellungskosten — Erweiterung und wesentliche Verbesserung,—,03 · AfA (Abschreibung) (https://app.notion.com/p/03-AfA-Abschreibung-3a95fd4207318179b865c8a1c9e4b487?pvs=21),verify-before-production,28. Juli 2026 16:35,5. August 2026,https://lxgesetze.de/hgb/255,§ 255 Abs. 2 S. 1 HGB,Gesetz,07/2026
"Grenzsteuersatz — nur Anzeige, nie Berechnungsgrundlage",Default 42 %,03 · AfA (Abschreibung) (https://app.notion.com/p/03-AfA-Abschreibung-3a95fd4207318179b865c8a1c9e4b487?pvs=21),verify-before-production,28. Juli 2026 16:35,5. August 2026,https://lxgesetze.de/estg/32a,§ 32a EStG,Gesetz,07/2026
BMF-Arbeitshilfe Kaufpreisaufteilung — Verfahren,typisiertes Sachwertverfahren,03 · AfA (Abschreibung) (https://app.notion.com/p/03-AfA-Abschreibung-3a95fd4207318179b865c8a1c9e4b487?pvs=21),verify-before-production,28. Juli 2026 16:35,5. August 2026,https://www.bundesfinanzministerium.de,"BMF, Arbeitshilfe zur Aufteilung eines Gesamtkaufpreises für ein bebautes Grundstück",Verordnung,07/2026
Damnum / Disagio — Verteilung oder Sofortabzug,marktüblich bis 5 % bei Zinsbindung ≥ 5 Jahre,03 · AfA (Abschreibung) (https://app.notion.com/p/03-AfA-Abschreibung-3a95fd4207318179b865c8a1c9e4b487?pvs=21),verify-before-production,28. Juli 2026 16:35,5. August 2026,https://lxgesetze.de/estg/11,"§ 11 Abs. 2 S. 3, 4 EStG",Gesetz,07/2026
AfA als Werbungskosten bei Vermietung und Verpachtung,—,03 · AfA (Abschreibung) (https://app.notion.com/p/03-AfA-Abschreibung-3a95fd4207318179b865c8a1c9e4b487?pvs=21),verify-before-production,28. Juli 2026 16:35,5. August 2026,https://lxgesetze.de/estg/9,§ 9 Abs. 1 S. 3 Nr. 7 i. V. m. § 21 EStG,Gesetz,07/2026
Anschaffungskosten inklusive Anschaffungsnebenkosten,—,03 · AfA (Abschreibung) (https://app.notion.com/p/03-AfA-Abschreibung-3a95fd4207318179b865c8a1c9e4b487?pvs=21),verify-before-production,28. Juli 2026 16:35,5. August 2026,https://lxgesetze.de/hgb/255,§ 255 Abs. 1 HGB,Gesetz,07/2026
"AfA-Satz 3 % — Wohngebäude, Fertigstellung nach 31.12.2022",3 % p. a. (300 bp),03 · AfA (Abschreibung) (https://app.notion.com/p/03-AfA-Abschreibung-3a95fd4207318179b865c8a1c9e4b487?pvs=21),geprüft,28. Juli 2026 16:35,5. August 2026,https://lxgesetze.de/estg/7,§ 7 Abs. 4 S. 1 Nr. 2 lit. a EStG,Gesetz,07/2026
Sonderabschreibung Mietwohnungsneubau,"5 % p. a. über 4 Jahre, zusätzlich zur linearen AfA",03 · AfA (Abschreibung) (https://app.notion.com/p/03-AfA-Abschreibung-3a95fd4207318179b865c8a1c9e4b487?pvs=21),verify-before-production,28. Juli 2026 16:35,5. August 2026,https://lxgesetze.de/estg/7b,§ 7b EStG,Gesetz,07/2026
Anschaffungsnahe Herstellungskosten — 15 %-Grenze,"15 % der Gebäude-AK, netto, innerhalb von 3 Jahren",03 · AfA (Abschreibung) (https://app.notion.com/p/03-AfA-Abschreibung-3a95fd4207318179b865c8a1c9e4b487?pvs=21),geprüft,28. Juli 2026 16:35,5. August 2026,https://lxgesetze.de/estg/6,§ 6 Abs. 1 Nr. 1a EStG,Gesetz,07/2026
Kürzere tatsächliche Nutzungsdauer zulässig,AfA = BMG / Restnutzungsdauer,03 · AfA (Abschreibung) (https://app.notion.com/p/03-AfA-Abschreibung-3a95fd4207318179b865c8a1c9e4b487?pvs=21),verify-before-production,28. Juli 2026 16:35,5. August 2026,https://lxgesetze.de/estg/7,§ 7 Abs. 4 S. 2 EStG,Gesetz,07/2026
10-K14 — Marktüblichkeit des Disagios,bis 5 % des Nominalbetrags bei Zinsbindung ≥ 5 Jahre,03 · AfA (Abschreibung) (https://app.notion.com/p/03-AfA-Abschreibung-3a95fd4207318179b865c8a1c9e4b487?pvs=21),verify-before-production,28. Juli 2026 16:37,5. August 2026,,Verwaltungspraxis zu § 11 Abs. 2 S. 4 EStG — nicht im Gesetz,Konvention,07/2026
Jährlich üblicherweise anfallende Erhaltungsarbeiten — enge Auslegung,—,03 · AfA (Abschreibung) (https://app.notion.com/p/03-AfA-Abschreibung-3a95fd4207318179b865c8a1c9e4b487?pvs=21),verify-before-production,28. Juli 2026 16:37,5. August 2026,https://www.bundesfinanzhof.de,BFH IX R 41/17 v. 09.05.2017 — ZITAT UNSICHER,Rechtsprechung,07/2026
10-K12 — Stichtag im 15 %-Zeitraum ist das Ende der Baumaßnahme,"leistungBis, nicht Rechnungs- oder Zahlungsdatum",03 · AfA (Abschreibung) (https://app.notion.com/p/03-AfA-Abschreibung-3a95fd4207318179b865c8a1c9e4b487?pvs=21),verify-before-production,28. Juli 2026 16:37,5. August 2026,,§ 6 Abs. 1 Nr. 1a EStG stellt auf die Durchführung ab — Auslegung,Konvention,07/2026
"10-K09 — Nutzungswechsel monatsgenau, angefangener Monat zählt voll",zugunsten der Vermietung,03 · AfA (Abschreibung) (https://app.notion.com/p/03-AfA-Abschreibung-3a95fd4207318179b865c8a1c9e4b487?pvs=21),verify-before-production,28. Juli 2026 16:37,5. August 2026,,keine — Analogie zu § 7 Abs. 1 S. 4 EStG,Konvention,07/2026
10-K08 — Flächenmonate als Nenner,Hundertstel-m² × Monat,03 · AfA (Abschreibung) (https://app.notion.com/p/03-AfA-Abschreibung-3a95fd4207318179b865c8a1c9e4b487?pvs=21),verify-before-production,28. Juli 2026 16:37,5. August 2026,,keine — Analogie zu den m²-Tagen der Seite 01,Konvention,07/2026
10-K15 — Grenzsteuersatz-Default für die Ersparnis-Anzeige,42 %,03 · AfA (Abschreibung) (https://app.notion.com/p/03-AfA-Abschreibung-3a95fd4207318179b865c8a1c9e4b487?pvs=21),verify-before-production,28. Juli 2026 16:37,5. August 2026,,keine — reine Anzeige,Konvention,07/2026
Vertragliche Kaufpreisaufteilung ist zugrunde zu legen,—,03 · AfA (Abschreibung) (https://app.notion.com/p/03-AfA-Abschreibung-3a95fd4207318179b865c8a1c9e4b487?pvs=21),verify-before-production,28. Juli 2026 16:37,5. August 2026,https://www.bundesfinanzhof.de,BFH IX R 12/14 v. 16.09.2015,Rechtsprechung,07/2026
10-K04 — Mindestrestwert bei Alter ≥ Gesamtnutzungsdauer,30 % der indexierten Normalherstellungskosten,03 · AfA (Abschreibung) (https://app.notion.com/p/03-AfA-Abschreibung-3a95fd4207318179b865c8a1c9e4b487?pvs=21),verify-before-production,28. Juli 2026 16:37,5. August 2026,,"keine externe Quelle — aus der BMF-Arbeitshilfe übernommen, Version unbestätigt",Konvention,07/2026
10-K10 — Rundung und Satzdarstellung,round_half_up auf ganze Cent · Sätze als Basispunkte (200/250/300),03 · AfA (Abschreibung) (https://app.notion.com/p/03-AfA-Abschreibung-3a95fd4207318179b865c8a1c9e4b487?pvs=21),verify-before-production,28. Juli 2026 16:37,5. August 2026,,"keine — Rechenkonvention, identisch zu Seite 01",Konvention,07/2026
"Schönheitsreparaturen zählen in die 15 %-Grenze, keine Segmentierung",—,03 · AfA (Abschreibung) (https://app.notion.com/p/03-AfA-Abschreibung-3a95fd4207318179b865c8a1c9e4b487?pvs=21),verify-before-production,28. Juli 2026 16:37,5. August 2026,https://www.bundesfinanzhof.de,"BFH IX R 25/14, IX R 15/15, IX R 22/15 — alle v. 14.06.2016",Rechtsprechung,07/2026
Darlehen kann dem vermieteten Gebäudeteil gezielt zugeordnet werden,—,03 · AfA (Abschreibung) (https://app.notion.com/p/03-AfA-Abschreibung-3a95fd4207318179b865c8a1c9e4b487?pvs=21),verify-before-production,28. Juli 2026 16:37,5. August 2026,https://www.bundesfinanzhof.de,BFH IX R 2/08 v. 25.03.2009 — ZITAT UNSICHER,Rechtsprechung,07/2026
BMF-Arbeitshilfe ist nicht bindend,—,03 · AfA (Abschreibung) (https://app.notion.com/p/03-AfA-Abschreibung-3a95fd4207318179b865c8a1c9e4b487?pvs=21),verify-before-production,28. Juli 2026 16:37,5. August 2026,https://www.bundesfinanzhof.de,BFH IX R 26/19 v. 21.07.2020,Rechtsprechung,07/2026
Notarkosten der Grundschuldbestellung sind Finanzierungskosten,—,03 · AfA (Abschreibung) (https://app.notion.com/p/03-AfA-Abschreibung-3a95fd4207318179b865c8a1c9e4b487?pvs=21),verify-before-production,28. Juli 2026 16:37,5. August 2026,https://www.bundesfinanzhof.de,BFH IX R 51/00 v. 27.07.2004 — ZITAT UNSICHER,Rechtsprechung,07/2026
10-K06 — Plausibilitätsgrenzen des Gebäudeanteils,< 50 % / > 95 % Hinweis · Abweichung Vertrag↔BMF > 10 pp Warnung,03 · AfA (Abschreibung) (https://app.notion.com/p/03-AfA-Abschreibung-3a95fd4207318179b865c8a1c9e4b487?pvs=21),verify-before-production,28. Juli 2026 16:37,5. August 2026,,"keine — Schwellen gegriffen, nicht abgeleitet",Heuristik,07/2026
"10-K05 — Alterswertminderung linear, Alter in vollen Jahren",(GND − Alter) / GND,03 · AfA (Abschreibung) (https://app.notion.com/p/03-AfA-Abschreibung-3a95fd4207318179b865c8a1c9e4b487?pvs=21),verify-before-production,28. Juli 2026 16:37,5. August 2026,,keine — Vereinfachung gegenüber Anlage 2 ImmoWertV,Konvention,07/2026
10-K01 — Weg B (BMF) ist Default der Kaufpreisaufteilung,—,03 · AfA (Abschreibung) (https://app.notion.com/p/03-AfA-Abschreibung-3a95fd4207318179b865c8a1c9e4b487?pvs=21),verify-before-production,28. Juli 2026 16:37,5. August 2026,,"keine — UX-Entscheidung, Rechtslage wäre Weg A (BFH IX R 12/14)",Konvention,07/2026
"10-K03 — Baupreisindex, keine Interpolation","Basis 2010 = 100, maßgeblich das Jahr des Bewertungsstichtags",03 · AfA (Abschreibung) (https://app.notion.com/p/03-AfA-Abschreibung-3a95fd4207318179b865c8a1c9e4b487?pvs=21),verify-before-production,28. Juli 2026 16:37,5. August 2026,,keine — Umgang mit der BMF-Tabelle,Konvention,07/2026
10-K11 — Schlussjahr-Residuum,Restbuchwert statt gerundetem Jahresbetrag,03 · AfA (Abschreibung) (https://app.notion.com/p/03-AfA-Abschreibung-3a95fd4207318179b865c8a1c9e4b487?pvs=21),verify-before-production,28. Juli 2026 16:37,5. August 2026,,keine — identisch zur Residuumsregel der Seite 01,Konvention,07/2026
"10-K13 — Zinsberechnung 30/360, monatliche Verrechnung",restschuld × sollzinsBp / 120000,03 · AfA (Abschreibung) (https://app.notion.com/p/03-AfA-Abschreibung-3a95fd4207318179b865c8a1c9e4b487?pvs=21),verify-before-production,28. Juli 2026 16:37,5. August 2026,,"keine — reale Kreditverträge rechnen abweichend (act/360, act/365)",Konvention,07/2026
"10-K07 — Vermietungsquote nach Fläche, nicht nach Ertrag",m² Nutzfläche,03 · AfA (Abschreibung) (https://app.notion.com/p/03-AfA-Abschreibung-3a95fd4207318179b865c8a1c9e4b487?pvs=21),verify-before-production,28. Juli 2026 16:37,5. August 2026,,R 4.2 Abs. 4 EStR nennt kein Verfahren,Konvention,07/2026
10-K02 — BGF-Ableitung aus der Wohnfläche,"Faktor 1,35 (MFH) · 1,25 (EFH/ZFH)",03 · AfA (Abschreibung) (https://app.notion.com/p/03-AfA-Abschreibung-3a95fd4207318179b865c8a1c9e4b487?pvs=21),verify-before-production,28. Juli 2026 16:37,5. August 2026,,keine — Schätzung ohne Rechtsgrundlage,Heuristik,07/2026
"Kaution = durchlaufender Posten (Verrechnungskonto, nie Ertrag)",,04 · Anlage V + DATEV-Export (https://app.notion.com/p/04-Anlage-V-DATEV-Export-3a95fd420731810c8a16dfe93cc85cbd?pvs=21),verify-before-production,28. Juli 2026 17:16,5. August 2026,,§ 551 BGB / Rechenkonvention (11-K04),Konvention,07/2026
GoBD / Unveränderbarkeit — Export-Archiv (Hash + Zeitstempel) + Ledger-Audit-Trail,,04 · Anlage V + DATEV-Export (https://app.notion.com/p/04-Anlage-V-DATEV-Export-3a95fd420731810c8a16dfe93cc85cbd?pvs=21),geprüft,28. Juli 2026 17:16,,,"§§ 145–147 AO, GoBD (BMF v. 28.11.2019)",Gesetz,07/2026
"Tilgungsreihenfolge bei Teilleistung (Analogie: erst Kaltmiete, dann NK-Vorauszahlung)",,04 · Anlage V + DATEV-Export (https://app.notion.com/p/04-Anlage-V-DATEV-Export-3a95fd420731810c8a16dfe93cc85cbd?pvs=21),geprüft,28. Juli 2026 17:16,,https://www.gesetze-im-internet.de/bgb/__366.html,§ 366 Abs. 2 BGB,Gesetz,07/2026
"DATEV-EXTF-Formatparameter (EXTF/700/21/Buchungsstapel/13, Win-1252, ';', CRLF, TTMM)","Header-Version 700, Kategorie 21, Formatversion 13",04 · Anlage V + DATEV-Export (https://app.notion.com/p/04-Anlage-V-DATEV-Export-3a95fd420731810c8a16dfe93cc85cbd?pvs=21),verify-before-production,28. Juli 2026 17:16,5. August 2026,https://developer.datev.de/de/file-format/details/datev-format/format-description/header,"DATEV-Formatspezifikation (proprietär, http://developer.datev.de)",Konvention,07/2026
Schuldzinsen als gekennzeichneter Vorschlagswert aus dem Tilgungsplan (nie stille Übernahme),,04 · Anlage V + DATEV-Export (https://app.notion.com/p/04-Anlage-V-DATEV-Export-3a95fd420731810c8a16dfe93cc85cbd?pvs=21),verify-before-production,28. Juli 2026 17:16,5. August 2026,,§ 9 Abs. 1 S. 3 Nr. 1 EStG (Umsetzungskonvention 11-K07),Konvention,07/2026
"Anlage-V-Zeilennummern je Steuerjahr (anlage_v_layout_<JJJJ>) — PLATZHALTER, jährlich verschoben",Zeilen 13/14/32/33/37/42/47–50/82/84 unbestätigt,04 · Anlage V + DATEV-Export (https://app.notion.com/p/04-Anlage-V-DATEV-Export-3a95fd420731810c8a16dfe93cc85cbd?pvs=21),verify-before-production,28. Juli 2026 17:16,5. August 2026,https://www.elster.de,"Formular Anlage V (BMF/ELSTER), jahresversioniert",Konvention,07/2026
Zufluss-/Abflussprinzip + 10-Tage-Regel (Periodenzuordnung nach Zahlungsdatum),"Fenster 22.12.–10.01., beide Bedingungen (Fälligkeit UND Zahlung)",04 · Anlage V + DATEV-Export (https://app.notion.com/p/04-Anlage-V-DATEV-Export-3a95fd420731810c8a16dfe93cc85cbd?pvs=21),geprüft,28. Juli 2026 17:16,,https://www.gesetze-im-internet.de/estg/__11.html,"§ 11 Abs. 1 S. 2, Abs. 2 S. 2 EStG",Gesetz,07/2026
Weitergabe Mieter-Personendaten an StB + Datenminimierung im Buchungstext,,04 · Anlage V + DATEV-Export (https://app.notion.com/p/04-Anlage-V-DATEV-Export-3a95fd420731810c8a16dfe93cc85cbd?pvs=21),geprüft,28. Juli 2026 17:16,,https://eur-lex.europa.eu/legal-content/DE/TXT/?uri=CELEX:32016R0679,Art. 6 Abs. 1 lit. c/f DSGVO,Verordnung,07/2026
"10-Tage-Regel — tragendes BFH-Aktenzeichen (ZITAT UNSICHER, kein Az. erfunden)",,04 · Anlage V + DATEV-Export (https://app.notion.com/p/04-Anlage-V-DATEV-Export-3a95fd420731810c8a16dfe93cc85cbd?pvs=21),verify-before-production,28. Juli 2026 17:16,5. August 2026,,"§ 11 Abs. 1 S. 2 EStG / BFH (Az. offen, ggf. VIII R 9/09)",Rechtsprechung,07/2026
"SKR03/SKR04-Default-Konten für private Vermietung — PLATZHALTER, kanzleiabhängig",,04 · Anlage V + DATEV-Export (https://app.notion.com/p/04-Anlage-V-DATEV-Export-3a95fd420731810c8a16dfe93cc85cbd?pvs=21),verify-before-production,28. Juli 2026 17:16,5. August 2026,,DATEV-Kontenrahmen SKR03/SKR04 (proprietär),Konvention,07/2026
"Befugnisgrenze Steuerhilfe — Ausfüllhilfe/Datentransport, keine Beratung/Übermittlung",,04 · Anlage V + DATEV-Export (https://app.notion.com/p/04-Anlage-V-DATEV-Export-3a95fd420731810c8a16dfe93cc85cbd?pvs=21),geprüft,28. Juli 2026 17:16,,https://www.gesetze-im-internet.de/stberg/,§§ 1–5 StBerG,Gesetz,07/2026
Einkünfte aus Vermietung und Verpachtung — Überschussrechnung Einnahmen − Werbungskosten,,04 · Anlage V + DATEV-Export (https://app.notion.com/p/04-Anlage-V-DATEV-Export-3a95fd420731810c8a16dfe93cc85cbd?pvs=21),geprüft,28. Juli 2026 17:16,,https://www.gesetze-im-internet.de/estg/__21.html,§ 21 EStG,Gesetz,07/2026
Aufbewahrungspflicht 6 Jahre ab Überschusseinkünften > 500.000 €,500.000 € / 6 Jahre,04 · Anlage V + DATEV-Export (https://app.notion.com/p/04-Anlage-V-DATEV-Export-3a95fd420731810c8a16dfe93cc85cbd?pvs=21),geprüft,28. Juli 2026 17:16,,https://www.gesetze-im-internet.de/ao_1977/__147a.html,§ 147a AO,Gesetz,07/2026
"W5 · Ortsübliche Vergleichsmiete = Input, keine Beschaffung (KONVENTION-OVM)",,05 · Wächter / Fristen (https://app.notion.com/p/05-W-chter-Fristen-3a95fd42073181038246e579777508f9?pvs=21),verify-before-production,28. Juli 2026 18:55,5. August 2026,,"§ 558a BGB (Begründungsmittel) — V1 manuelle Eingabe, keine Mietspiegel-API",Konvention,07/2026
W4 · UVI-Fälligkeit Monatsende (KONVENTION-D3),,05 · Wächter / Fristen (https://app.notion.com/p/05-W-chter-Fristen-3a95fd42073181038246e579777508f9?pvs=21),verify-before-production,28. Juli 2026 18:55,5. August 2026,https://www.gesetze-im-internet.de/heizkostenv/__6a.html,§ 6a Abs. 1 Nr. 2 HeizkostenV — Fälligkeit Monatsende [UNSICHER: ganzjährig vs. Heizperiode],Konvention,10/2023
W8 · Leerstands-Schwelle + Geld-Framing (KONVENTION-L1/L2),,05 · Wächter / Fristen (https://app.notion.com/p/05-W-chter-Fristen-3a95fd42073181038246e579777508f9?pvs=21),verify-before-production,28. Juli 2026 18:55,5. August 2026,,keine — Produktheuristik. Schwelle 30 Tage; entgangene Miete = sollMiete × Tage / 30,Heuristik,07/2026
W5 · Mieterhöhung zur ortsüblichen Vergleichsmiete,15 Monate unverändert; Erklärung frühestens 1 Jahr nach letzter Erhöhung; Obergrenze ortsübliche Vergleichsmiete,05 · Wächter / Fristen (https://app.notion.com/p/05-W-chter-Fristen-3a95fd42073181038246e579777508f9?pvs=21),verify-before-production,28. Juli 2026 18:55,5. August 2026,https://www.gesetze-im-internet.de/bgb/__558.html,§ 558 Abs. 1 BGB,Gesetz,05/2026
W5 · Angespannter Wohnungsmarkt = LandesVO (KONVENTION-MARKT),,05 · Wächter / Fristen (https://app.notion.com/p/05-W-chter-Fristen-3a95fd42073181038246e579777508f9?pvs=21),verify-before-production,28. Juli 2026 18:55,5. August 2026,,§ 558 Abs. 3 S. 2–3 BGB i.V.m. LandesVO — VO-Liste nicht mitgeliefert,Konvention,07/2026
W3 · Fristlose Kündigung bei Zahlungsverzug,"3a: 2 aufeinanderfolgende Termine, Rückstand > 1 Monatsmiete · 3b: > 2 Termine, Rückstand ≥ 2 Monatsmieten",05 · Wächter / Fristen (https://app.notion.com/p/05-W-chter-Fristen-3a95fd42073181038246e579777508f9?pvs=21),verify-before-production,28. Juli 2026 18:55,5. August 2026,https://www.gesetze-im-internet.de/bgb/__543.html,§ 543 Abs. 2 S. 1 Nr. 3 a/b BGB,Gesetz,05/2026
W5 · Kappungsgrenze 20 % / 15 %,max +20 % in 3 Jahren; 15 % in angespanntem Markt (LandesVO); § 559 + Betriebskostenerhöhungen außer Betracht,05 · Wächter / Fristen (https://app.notion.com/p/05-W-chter-Fristen-3a95fd42073181038246e579777508f9?pvs=21),verify-before-production,28. Juli 2026 18:55,5. August 2026,https://www.gesetze-im-internet.de/bgb/__558.html,§ 558 Abs. 3 BGB,Gesetz,05/2026
W5 · Zustimmungs-/Wirksamkeits-/Klagefrist Mieterhöhung,Zustimmung bis Ablauf 2. Kalendermonat; Wirksamkeit ab Beginn 3. Kalendermonat; Klage +3 Monate,05 · Wächter / Fristen (https://app.notion.com/p/05-W-chter-Fristen-3a95fd42073181038246e579777508f9?pvs=21),verify-before-production,28. Juli 2026 18:55,5. August 2026,https://www.gesetze-im-internet.de/bgb/__558b.html,§ 558b Abs. 1–2 BGB,Gesetz,05/2026
W3 · Erheblichkeitsschwelle Zahlungsverzug,Rückstand muss 1 Monatsmiete übersteigen (strikt >),05 · Wächter / Fristen (https://app.notion.com/p/05-W-chter-Fristen-3a95fd42073181038246e579777508f9?pvs=21),verify-before-production,28. Juli 2026 18:55,5. August 2026,https://www.gesetze-im-internet.de/bgb/__569.html,§ 569 Abs. 3 Nr. 1 BGB,Gesetz,05/2026
W3 · Bezugsgröße Verzug = Bruttowarmmiete (KONVENTION-B1),,05 · Wächter / Fristen (https://app.notion.com/p/05-W-chter-Fristen-3a95fd42073181038246e579777508f9?pvs=21),verify-before-production,28. Juli 2026 18:55,5. August 2026,,keine — Produktkonvention (Bruttowarmmiete inkl. Vorauszahlungen),Konvention,07/2026
W1/W5 · Fristarithmetik Monatsaddition (KONVENTION-D1/D4/D5),,05 · Wächter / Fristen (https://app.notion.com/p/05-W-chter-Fristen-3a95fd42073181038246e579777508f9?pvs=21),verify-before-production,28. Juli 2026 18:55,5. August 2026,https://www.gesetze-im-internet.de/bgb/__188.html,"§§ 187, 188 BGB (Fristberechnung); D4 Einwendungsfrist § 188 II [UNSICHER: Monatsende-Lesart]",Konvention,07/2026
W3 · Schonfristzahlung heilt fristlose Kündigung,,05 · Wächter / Fristen (https://app.notion.com/p/05-W-chter-Fristen-3a95fd42073181038246e579777508f9?pvs=21),verify-before-production,28. Juli 2026 18:55,5. August 2026,https://www.gesetze-im-internet.de/bgb/__569.html,§ 569 Abs. 3 Nr. 2 BGB,Gesetz,05/2026
W2 · Eich-Gültigkeit endet zum Jahresende (KONVENTION-D2),,05 · Wächter / Fristen (https://app.notion.com/p/05-W-chter-Fristen-3a95fd42073181038246e579777508f9?pvs=21),verify-before-production,28. Juli 2026 18:55,5. August 2026,,keine sichere Fundstelle — eichrechtlich übliche Jahresende-Regel [UNSICHER],Konvention,07/2026
W2 · Eichfrist je Messgerätart,Kaltwasser 6 J · Warmwasser 5 J · WMZ 5 J · el. Stromzähler 8 J · Balgengaszähler 8 J. Konflikt: Zähler-Spec V1 nennt Warm/WMZ je 6 J.,05 · Wächter / Fristen (https://app.notion.com/p/05-W-chter-Fristen-3a95fd42073181038246e579777508f9?pvs=21),verify-before-production,28. Juli 2026 18:55,5. August 2026,https://www.gesetze-im-internet.de/messev/,MessEG § 34 / MessEV (Eichfristen) — [UNSICHER: exakte Anlagen-/§-Nummer],Verordnung,07/2026
W6 · Staffelmiete,Betrag je Stufe ausgewiesen; jede Staffel mind. 1 Jahr unverändert; § 558/§ 559 gesperrt,05 · Wächter / Fristen (https://app.notion.com/p/05-W-chter-Fristen-3a95fd42073181038246e579777508f9?pvs=21),verify-before-production,28. Juli 2026 18:55,5. August 2026,https://www.gesetze-im-internet.de/bgb/__557a.html,§ 557a Abs. 1–2 BGB,Gesetz,05/2026
W7 · VPI-Berechnung proportional + Snapshot (KONVENTION-VPI),,05 · Wächter / Fristen (https://app.notion.com/p/05-W-chter-Fristen-3a95fd42073181038246e579777508f9?pvs=21),verify-before-production,28. Juli 2026 18:55,5. August 2026,https://www-genesis.destatis.de,"keine — Rechenkonvention; VPI-Quelle Destatis GENESIS 61111 (frei), ab V1 live angebunden (kein Platzhalter). Ausgangsindex als Snapshot, Basisjahr mitspeichern. [UNSICHER: proportional vs. differenzbasiert]",Konvention,07/2026
W5/W7 · Bezugsgröße = Nettokaltmiete (KONVENTION-B3),,05 · Wächter / Fristen (https://app.notion.com/p/05-W-chter-Fristen-3a95fd42073181038246e579777508f9?pvs=21),verify-before-production,28. Juli 2026 18:55,5. August 2026,,§ 558 / § 557b BGB knüpfen an die Nettokaltmiete an,Konvention,07/2026
W7 · Indexmiete,VPI Statist. Bundesamt; mind. 1 Jahr unverändert; Erklärung Textform mit Indexänderung,05 · Wächter / Fristen (https://app.notion.com/p/05-W-chter-Fristen-3a95fd42073181038246e579777508f9?pvs=21),verify-before-production,28. Juli 2026 18:55,5. August 2026,https://www.gesetze-im-internet.de/bgb/__557b.html,§ 557b Abs. 1–3 BGB,Gesetz,05/2026
Schriftform Staffel-/Indexklausel,QES oder Papier; einfache E-Signatur (Textform) unzureichend → Klausel unwirksam,06 · Vertragsklauseln — Risiko-Memo (https://app.notion.com/p/06-Vertragsklauseln-Risiko-Memo-3ab5fd420731813799c0c1b419eac4f3?pvs=21),geprüft,28. Juli 2026 22:14,,https://www.gesetze-im-internet.de/bgb/__557a.html,"§ 557a Abs. 1, § 557b Abs. 1, § 126/126a BGB",Gesetz,07/2026
Mietpreisbremse (§ 556d),+10 % über Vergleichsmiete; verlängert bis 31.12.2029,06 · Vertragsklauseln — Risiko-Memo (https://app.notion.com/p/06-Vertragsklauseln-Risiko-Memo-3ab5fd420731813799c0c1b419eac4f3?pvs=21),geprüft,28. Juli 2026 22:14,31. Dezember 2029,https://www.bundestag.de/dokumente/textarchiv/2025/kw26-de-mietpreisbremse-1084786,§ 556d BGB,Gesetz,07/2026
Kappungsgrenze angespannter Markt (§ 558),15 % / 3 Jahre (Geltungsgebiet je LandesVO),06 · Vertragsklauseln — Risiko-Memo (https://app.notion.com/p/06-Vertragsklauseln-Risiko-Memo-3ab5fd420731813799c0c1b419eac4f3?pvs=21),verify-before-production,28. Juli 2026 22:14,5. August 2026,https://dejure.org/gesetze/BGB/558.html,§ 558 Abs. 3 S. 2 BGB + LandesVO,Verordnung,07/2026
Formzwang befristeter Vertrag über 1 Jahr,Schriftform; Verstoß → gilt als unbefristet (nicht nichtig),06 · Vertragsklauseln — Risiko-Memo (https://app.notion.com/p/06-Vertragsklauseln-Risiko-Memo-3ab5fd420731813799c0c1b419eac4f3?pvs=21),geprüft,28. Juli 2026 22:14,,,§ 550 BGB,Gesetz,07/2026
Verzugsschwelle fristlose Kündigung,über 1 Monatsmiete (2 Termine) bzw. ≥ 2 Monatsmieten (längerer Zeitraum),06 · Vertragsklauseln — Risiko-Memo (https://app.notion.com/p/06-Vertragsklauseln-Risiko-Memo-3ab5fd420731813799c0c1b419eac4f3?pvs=21),geprüft,28. Juli 2026 22:14,,,"§ 543 Abs. 2 Nr. 3, § 569 Abs. 3 BGB",Gesetz,07/2026
Indexmiete VPI-Bindung (§ 557b),VPI Destatis; Änderung ≥ 12 Monate; Änderungserklärung in Textform [UNSICHER: Mietrecht II plant Einschränkung],06 · Vertragsklauseln — Risiko-Memo (https://app.notion.com/p/06-Vertragsklauseln-Risiko-Memo-3ab5fd420731813799c0c1b419eac4f3?pvs=21),verify-before-production,28. Juli 2026 22:14,31. Dezember 2026,https://dejure.org/gesetze/BGB/557b.html,§ 557b BGB,Gesetz,07/2026
Kappungsgrenze Standard (§ 558),20 % / 3 Jahre,06 · Vertragsklauseln — Risiko-Memo (https://app.notion.com/p/06-Vertragsklauseln-Risiko-Memo-3ab5fd420731813799c0c1b419eac4f3?pvs=21),geprüft,28. Juli 2026 22:14,,https://dejure.org/gesetze/BGB/558.html,§ 558 Abs. 3 BGB,Gesetz,07/2026
Kleinreparaturen Jahresgrenze,ca. 6 % der Jahresnettokaltmiete,06 · Vertragsklauseln — Risiko-Memo (https://app.notion.com/p/06-Vertragsklauseln-Risiko-Memo-3ab5fd420731813799c0c1b419eac4f3?pvs=21),verify-before-production,28. Juli 2026 22:14,5. August 2026,,"§ 307 BGB (Rspr., kein gesetzlicher Wert)",Konvention,07/2026
Schonfristzahlung ordentliche Kündigung (geplant),"Ausweitung geplant, am 09.07.2026 NICHT in Kraft (BT-Drs. 21/6807, 1. Lesung)",06 · Vertragsklauseln — Risiko-Memo (https://app.notion.com/p/06-Vertragsklauseln-Risiko-Memo-3ab5fd420731813799c0c1b419eac4f3?pvs=21),verify-before-production,28. Juli 2026 22:14,31. Dezember 2026,https://www.haufe.de/recht/weitere-rechtsgebiete/miet-immobilienrecht/mietrechtsreform-2026_214_684532.html,§ 569 Abs. 3 BGB (Entwurf Mietrecht II),Gesetz,07/2026
Modernisierung Umlagesatz (§ 559),8 % p. a. der auf die Wohnung entfallenden Kosten,06 · Vertragsklauseln — Risiko-Memo (https://app.notion.com/p/06-Vertragsklauseln-Risiko-Memo-3ab5fd420731813799c0c1b419eac4f3?pvs=21),geprüft,28. Juli 2026 22:14,,https://dejure.org/gesetze/BGB/559.html,§ 559 Abs. 1 BGB,Gesetz,07/2026
Signatur-Gate V1,einfache E-Signatur nur ohne Staffel/Index freigeschaltet,06 · Vertragsklauseln — Risiko-Memo (https://app.notion.com/p/06-Vertragsklauseln-Risiko-Memo-3ab5fd420731813799c0c1b419eac4f3?pvs=21),verify-before-production,28. Juli 2026 22:14,5. August 2026,,"Produktregel (abgeleitet aus § 557a/b, § 550)",Konvention,07/2026
Kleinreparaturen Einzelgrenze,"ca. 100,00 € je Reparatur",06 · Vertragsklauseln — Risiko-Memo (https://app.notion.com/p/06-Vertragsklauseln-Risiko-Memo-3ab5fd420731813799c0c1b419eac4f3?pvs=21),verify-before-production,28. Juli 2026 22:14,5. August 2026,,"§ 307 BGB (Rspr., kein gesetzlicher Wert)",Konvention,07/2026
Staffelmiete Mindestintervall (§ 557a),Miete je Stufe ≥ 12 Monate unverändert; Betrag absolut auszuweisen,06 · Vertragsklauseln — Risiko-Memo (https://app.notion.com/p/06-Vertragsklauseln-Risiko-Memo-3ab5fd420731813799c0c1b419eac4f3?pvs=21),geprüft,28. Juli 2026 22:14,,https://www.gesetze-im-internet.de/bgb/__557a.html,"§ 557a Abs. 1, 2 BGB",Gesetz,07/2026
§ 556d Handling (Produkt),"warn-only + dokumentierte Selbstauskunft, kein Block",06 · Vertragsklauseln — Risiko-Memo (https://app.notion.com/p/06-Vertragsklauseln-Risiko-Memo-3ab5fd420731813799c0c1b419eac4f3?pvs=21),verify-before-production,28. Juli 2026 22:14,5. August 2026,,§§ 556d–556f BGB,Konvention,07/2026
Kaution (§ 551),"max 3 Nettokaltmieten, zahlbar in 3 Raten",06 · Vertragsklauseln — Risiko-Memo (https://app.notion.com/p/06-Vertragsklauseln-Risiko-Memo-3ab5fd420731813799c0c1b419eac4f3?pvs=21),geprüft,28. Juli 2026 22:14,,,"§ 551 Abs. 1, 2 BGB",Gesetz,07/2026
Modernisierung Kappung (§ 559),3 €/m² (2 €/m² wenn Ausgangsmiete unter 7 €/m²) in 6 Jahren,06 · Vertragsklauseln — Risiko-Memo (https://app.notion.com/p/06-Vertragsklauseln-Risiko-Memo-3ab5fd420731813799c0c1b419eac4f3?pvs=21),geprüft,28. Juli 2026 22:14,,https://www.gesetze-im-internet.de/bgb/__559.html,§ 559 Abs. 3a BGB,Gesetz,07/2026
Kaufpreisfaktor-Definition (KPI-K01),Kaufpreis ÷ Ist-Jahreskaltmiete,07 · Investment-KPIs (https://app.notion.com/p/07-Investment-KPIs-3a95fd4207318157a94ec8b5474bedba?pvs=21),verify-before-production,29. Juli 2026 13:41,5. August 2026,,— (Marktusance),Konvention,07/2026
"Live-Ampel-Schwellen DSCR (1,00/1,20) + Cashflow (0/50 €) im Reglermodus (KPI-K19)",Schwellen,07 · Investment-KPIs (https://app.notion.com/p/07-Investment-KPIs-3a95fd4207318157a94ec8b5474bedba?pvs=21),verify-before-production,29. Juli 2026 13:41,5. August 2026,,—,Heuristik,07/2026
V+V-Überschussrechnung — Form der Steuerbemessung (KPI-R5),Einnahmen − Werbungskosten,07 · Investment-KPIs (https://app.notion.com/p/07-Investment-KPIs-3a95fd4207318157a94ec8b5474bedba?pvs=21),geprüft,29. Juli 2026 13:41,,https://lxgesetze.de/estg/21,"§ 21, § 2 Abs. 2 Nr. 2 EStG",Gesetz,07/2026
"AfA-Satz-Default (Annahme, KPI-K05)","2,00 % linear",07 · Investment-KPIs (https://app.notion.com/p/07-Investment-KPIs-3a95fd4207318157a94ec8b5474bedba?pvs=21),verify-before-production,29. Juli 2026 13:41,5. August 2026,https://lxgesetze.de/estg/7,§ 7 Abs. 4 EStG (Anwendung = Konvention),Konvention,07/2026
"Zins-Sensitivitätsband (Default ±100/±50 Bp, KPI-K17)",Bandbreite/Stufen,07 · Investment-KPIs (https://app.notion.com/p/07-Investment-KPIs-3a95fd4207318157a94ec8b5474bedba?pvs=21),verify-before-production,29. Juli 2026 13:41,5. August 2026,,—,Heuristik,07/2026
"Bank-PDF = Selbstauskunft, LTV zum Kaufpreis, Datenminimierung (KPI-K14)",LTV = Darlehen ÷ Kaufpreis,07 · Investment-KPIs (https://app.notion.com/p/07-Investment-KPIs-3a95fd4207318157a94ec8b5474bedba?pvs=21),verify-before-production,29. Juli 2026 13:41,5. August 2026,,—,Konvention,07/2026
"EK-Rendite-Definition (vor+nach Steuer, inkl. Tilgung, KPI-K08)",—,07 · Investment-KPIs (https://app.notion.com/p/07-Investment-KPIs-3a95fd4207318157a94ec8b5474bedba?pvs=21),verify-before-production,29. Juli 2026 13:41,5. August 2026,,—,Konvention,07/2026
30/360-Zinsmethode im Annuitätenplan (KPI-R3),—,07 · Investment-KPIs (https://app.notion.com/p/07-Investment-KPIs-3a95fd4207318157a94ec8b5474bedba?pvs=21),verify-before-production,29. Juli 2026 13:41,5. August 2026,,"— (geerbt Seite 03, 10-K13)",Konvention,07/2026
"Finanzierungs-Regler: Zins = Stress, Tilgung = Struktur (Trade-off-Ausweis Pflicht, KPI-K18)",—,07 · Investment-KPIs (https://app.notion.com/p/07-Investment-KPIs-3a95fd4207318157a94ec8b5474bedba?pvs=21),verify-before-production,29. Juli 2026 13:41,5. August 2026,,—,Konvention,07/2026
"Finanzierung = Annahme vor Bankangebot (Quelle-Flag, Badge, KPI-K16)",—,07 · Investment-KPIs (https://app.notion.com/p/07-Investment-KPIs-3a95fd4207318157a94ec8b5474bedba?pvs=21),verify-before-production,29. Juli 2026 13:41,5. August 2026,,—,Konvention,07/2026
"Gebäudeanteil-Default (Annahme, KPI-K05)","75,00 %",07 · Investment-KPIs (https://app.notion.com/p/07-Investment-KPIs-3a95fd4207318157a94ec8b5474bedba?pvs=21),verify-before-production,29. Juli 2026 13:41,5. August 2026,,—,Konvention,07/2026
"Break-Even-Definition (Cashflow-Null vor+nach Steuer, Bewirtschaftung fix, KPI-K10)",—,07 · Investment-KPIs (https://app.notion.com/p/07-Investment-KPIs-3a95fd4207318157a94ec8b5474bedba?pvs=21),verify-before-production,29. Juli 2026 13:41,5. August 2026,,—,Konvention,07/2026
"Bewirtschaftungs-Abzugssplit (Wagnis/Rücklage nicht abzugsfähig, KPI-K09)",—,07 · Investment-KPIs (https://app.notion.com/p/07-Investment-KPIs-3a95fd4207318157a94ec8b5474bedba?pvs=21),verify-before-production,29. Juli 2026 13:41,5. August 2026,,§ 9 EStG (Abgrenzung),Konvention,07/2026
Bank-PDF = reine deterministische Sicht (KPI-K15),—,07 · Investment-KPIs (https://app.notion.com/p/07-Investment-KPIs-3a95fd4207318157a94ec8b5474bedba?pvs=21),verify-before-production,29. Juli 2026 13:41,5. August 2026,,— (geerbt Seite 04 Export-Architektur),Konvention,07/2026
AfA und Schuldzinsen als WK in der KPI-Steuerbemessung,—,07 · Investment-KPIs (https://app.notion.com/p/07-Investment-KPIs-3a95fd4207318157a94ec8b5474bedba?pvs=21),geprüft,29. Juli 2026 13:41,,https://lxgesetze.de/estg/9,§ 9 Abs. 1 S. 3 Nr. 1 + Nr. 7 EStG,Gesetz,07/2026
"DSCR-Definition (NOI ÷ Kapitaldienst, vor Steuer, KPI-K04)","Zielband 1,20–1,35",07 · Investment-KPIs (https://app.notion.com/p/07-Investment-KPIs-3a95fd4207318157a94ec8b5474bedba?pvs=21),verify-before-production,29. Juli 2026 13:41,5. August 2026,,— (Banken-Usance),Heuristik,07/2026
Brutto-/Nettomietrendite-Definition (KPI-K02/K03),—,07 · Investment-KPIs (https://app.notion.com/p/07-Investment-KPIs-3a95fd4207318157a94ec8b5474bedba?pvs=21),verify-before-production,29. Juli 2026 13:41,5. August 2026,,— (Marktusance),Konvention,07/2026
Grenzsteuersatz-Default (KPI-K13),"42,00 %",07 · Investment-KPIs (https://app.notion.com/p/07-Investment-KPIs-3a95fd4207318157a94ec8b5474bedba?pvs=21),verify-before-production,29. Juli 2026 13:41,5. August 2026,,—,Konvention,07/2026
SEPA-Lastschriftmandat — Einzug/Verfall,Einzug erfordert Gläubiger-ID + PIS; Mandat verfällt 36 Monate nach letzter Nutzung,06 · Vertragsklauseln — Risiko-Memo (https://app.notion.com/p/06-Vertragsklauseln-Risiko-Memo-3ab5fd420731813799c0c1b419eac4f3?pvs=21),verify-before-production,29. Juli 2026 14:07,5. August 2026,,SEPA-Rulebook / VO (EU) 260/2012,Verordnung,07/2026
Keine Betragstoleranz (exakt oder Teil-/Überzahlung),,08 · Bank-Matching (https://app.notion.com/p/08-Bank-Matching-3ac5fd42073181c3a63dd13b94ff4f57?pvs=21),verify-before-production,29. Juli 2026 14:11,,,,Konvention,07/2026
Reihenfolge innerhalb einer Schuld: Kosten → Zinsen → Hauptforderung,,08 · Bank-Matching (https://app.notion.com/p/08-Bank-Matching-3ac5fd42073181c3a63dd13b94ff4f57?pvs=21),geprüft,29. Juli 2026 14:11,,https://www.gesetze-im-internet.de/bgb/__367.html,§ 367 BGB,Gesetz,07/2026
Entscheidungsschwellen (Auto/Review/Unmatched),Auto=eindeutige IBAN; Review 40–79; Unmatched <40,08 · Bank-Matching (https://app.notion.com/p/08-Bank-Matching-3ac5fd42073181c3a63dd13b94ff4f57?pvs=21),verify-before-production,29. Juli 2026 14:11,,,,Konvention,07/2026
Signalgewichte Bank-Matching,IBAN 60 / mehrdeutig 20; Betrag 30; Code 15; E2E 15; Nachname 10; Monat 5,08 · Bank-Matching (https://app.notion.com/p/08-Bank-Matching-3ac5fd42073181c3a63dd13b94ff4f57?pvs=21),verify-before-production,29. Juli 2026 14:11,,,,Konvention,07/2026
Proportionaler Komponenten-Split (Miete/NK-VZ/Heiz-VZ) bei Teilzahlung,"Komp·P/expected, Largest-Remainder",08 · Bank-Matching (https://app.notion.com/p/08-Bank-Matching-3ac5fd42073181c3a63dd13b94ff4f57?pvs=21),verify-before-production,29. Juli 2026 14:11,,,,Konvention,07/2026
"FIFO ohne Bestimmung: fällige vor nicht fälligen, ältere zuerst",,08 · Bank-Matching (https://app.notion.com/p/08-Bank-Matching-3ac5fd42073181c3a63dd13b94ff4f57?pvs=21),geprüft,29. Juli 2026 14:11,,https://www.gesetze-im-internet.de/bgb/__366.html,§ 366 Abs. 2 BGB,Gesetz,07/2026
Erfüllung durch vollständige Zahlung,,08 · Bank-Matching (https://app.notion.com/p/08-Bank-Matching-3ac5fd42073181c3a63dd13b94ff4f57?pvs=21),geprüft,29. Juli 2026 14:11,,https://www.gesetze-im-internet.de/bgb/__362.html,§ 362 BGB,Gesetz,07/2026
Tilgungsbestimmung (Verwendungszweck) hat Vorrang,,08 · Bank-Matching (https://app.notion.com/p/08-Bank-Matching-3ac5fd42073181c3a63dd13b94ff4f57?pvs=21),geprüft,29. Juli 2026 14:11,,https://www.gesetze-im-internet.de/bgb/__366.html,§ 366 Abs. 1 BGB,Gesetz,07/2026
NK-Nachzahlung als automatische Forderung (Seite-01-Handoff),,08 · Bank-Matching (https://app.notion.com/p/08-Bank-Matching-3ac5fd42073181c3a63dd13b94ff4f57?pvs=21),verify-before-production,29. Juli 2026 14:11,,,,Konvention,07/2026
Doubletten via finAPI isPotentialDuplicate → Review,,08 · Bank-Matching (https://app.notion.com/p/08-Bank-Matching-3ac5fd42073181c3a63dd13b94ff4f57?pvs=21),verify-before-production,29. Juli 2026 14:11,,https://docs.finapi.io/,,Konvention,07/2026
IBAN-Lernen aus bestätigtem Match,,08 · Bank-Matching (https://app.notion.com/p/08-Bank-Matching-3ac5fd42073181c3a63dd13b94ff4f57?pvs=21),verify-before-production,29. Juli 2026 14:11,,,,Konvention,07/2026
Float→Cent kaufmännisch beim finAPI-Import,"round(amount·100), Dezimalarithmetik",08 · Bank-Matching (https://app.notion.com/p/08-Bank-Matching-3ac5fd42073181c3a63dd13b94ff4f57?pvs=21),verify-before-production,29. Juli 2026 14:11,,https://docs.finapi.io/,,Konvention,07/2026
Auto-Match nur bei eindeutig bekannter IBAN (IBAN-first),S_iban=60 eindeutig,08 · Bank-Matching (https://app.notion.com/p/08-Bank-Matching-3ac5fd42073181c3a63dd13b94ff4f57?pvs=21),verify-before-production,29. Juli 2026 14:11,,,,Konvention,07/2026